                                                                                                                                                                                                                                                                                                                                                                                                                                                                                                                                                                                                                                                                                                                                                                                                                                                                                                                                                                                                                                                                                                                                                                                                                                                                                                                                                                                                                                                                                                                                                                                        1154125




                                                                                                                                                                                                                                                                                                                                                                                                                                                                                                                                                                                                                                                                                                                                                                                                                                                                                                                                                                                                                                                                                                                                                                                                                                                                                                                                                                                                                                                                                    1154109
                                                                                                                                                                                                                                                                                                                                                                                                                                                                                                                                                                                                                                                                                                                                                                                                                                                                                                                                                                                                                                                                                                                                                                                                                                                                                                                                                                                                                                                                                                                                          1154117
                                                                                                                                                                                                                                                                                                                                                                                                                                                                                                                                                                                                                                                                                                                                                                                                                                                                                                                                                                                                                                                                                                                                                                                                                                                                                                                                                                                                                                                                                                                                                                                                                                          1154079




                                                                                                                                                                                                                                                                                                                                                                                                                                                                                                                                                                                                                                                                                                                                                                                                                                                                                                                                                                                                                                                                                                                                                                                                                                                                                                                                                                                                                                  1154087
                                                                                                                                                                                                                                                                                                                                                                                                                                                                                                                                                                                                                                                                                                                                                                                                                                                                                                                                                                                                                                                                                                                                                                                                                                                                                                                                                                                                                                                                     9258                                                  9257                                          9256                                              9254
                                                                                                                                                                                                                                                                                                                                                                                                                                                                                                                                                                                                                                                                                                                                                                                                                                                                                                                                                                                                                                                                                                                                                                                                                                                                                                                                                                                                                                                               3F_15_CU_2_XLPE                                       3F_15_CU_2_XLPE                               3F_15_CU_2_XLPE                                   3F_15_CU_2_XLPE




                                                                                                                                                                                                                                                                                                                                                                                                                                                                                                                                                                                                                                                                                                                                                                                                                                                                                                                                                                                                                                                                                                                                                                                                                                                                                                                                                                                                                                                                                                                                                                                        2765829
                                                                                                                                                                                                                                                                                                                                                                                                                                                                                                                                                                                                                                                                                                                                                                                                                                                                                                                                                                                                                                                                                                                                                                                                                                                                                                                                                                                                                                                                                                                                                                                                                                          2765811




                                                                                                                                                                                                                                                                                                                                                                                                                                                                                                                                                                                                                                                                                                                                                                                                                                                                                                                                                                                                                                                                                                                                                                                                                                                                                                                                                                                                                                                                                                                                              2765837
                                                                                                                                                                                                                                                                                                                                                                                                                                                                                                                                                                                                                                                                                                                                                                                                                                                                                                                                                                                                                                                                                                                                                                                                                                                                                                                                                                                                                                                                                                                                                                         40907                                             40906
                                                                                                                                                                                                                                                                                                                                                                                                                                                                                                                                                                                                                                                                                                                                                                                                                                                                                                                                                                                                                                                                                                                                                                                                                                                                                                                                                                                                                                                                                                                                                                   3F_15_CU_2_XLPE                                   3F_15_CU_2_XLPE




                                                                                                                                                                                                                                                                                                                                                                                                                                                                                                                                                                                                                                                                                                                                                                                                                                                                                                                                                                                                                                                                                                                                                                                                                                                                                                                                                                                                                                                                                    1154176
                                                                                                                                                                                                                                                                                                                                                                                                                                                                                                                                                                                                                                                                                                                                                                                                                                                                                                                                                                                                                                                                                                                                                                                                                                                                                                                                                                                                                                                                                                                           9143
                                                                                                                                                                                                                                                                                                                                                                                                                                                                                                                                                                                                                                                                                                                                                                                                                                                                                                                                                                                                                                                                                                                                                                                                                                                                                                                                                                                                                                                                                                                     3F_15_CU_2_XLPE




                                                                                                                                                                                                                                                                                                                                                                                                                                                                                                                                                                                                                                                                                                                                                                                                                                                                                                                                                                                                                                                                                                                                                                                                                                                                                                                                                                                                                                                                                                                                                        1154150
                                                                                                                                                                                                                                                                                                                                                                                                                                                                                                                                                                                                                                                                                                                                                                                                                                                                                                                                                                                                                                                                                                                                                                                                                                                                                                                                                                                                                                                                                                                                                                                        1154141




                                                                                                                                                                                                                                                                                                                                                                                                                                                                                                                                                                                                                                                                                                                                                                                                                                                                                                                                                                                                                                                                                                                                                                                                                                                                                                                                                                                                                                  1154303
                                                                                                                                                                                                                                                                                                                                                                                                                                                                                                                                                                                                                                                                                                                                                                                                                                                                                                                                                                                                                                                                                                                                                                                                                                                                                                                                                                                                                                                                                    1154133
                                                                                                                                                                                                                                                                                                                                                                                                                                                                                                                                                                                                                                                                                                                                                                                                                                                                                                                                                                                                                                                                                                                                                                                                                                                                                                                                                                                                                                                                     9140                                                  9139                                          9138
                                                                                                                                                                                                                                                                                                                                                                                                                                                                                                                                                                                                                                                                                                                                                                                                                                                                                                                                                                                                                                                                                                                                                                                                                                                                                                                                                                                                                                                                                                                                                                         9142
                                                                                                                                                                                                                                                                                                                                                                                                                                                                                                                                                                                                                                                                                                                                                                                                                                                                                                                                                                                                                                                                                                                                                                                                                                                                                                                                                                                                                                                               3F_15_CU_2_XLPE                                       3F_15_CU_2_XLPE                               3F_15_CU_2_XLPE




                                                                                                                                                                                                                                                                                                                                                                                                                                                                                                                                                                                                                                                                                                                                                                                                                                                                                                                                                                                                                                                                                                                                                                                                                                                                                                                                                                                                                                                                                                                                          1154206




                                                                                                                                                                                                                                                                                                                                                                                                                                                                                                                                                                                                                                                                                                                                                                                                                                                                                                                                                                                                                                                                                                                                                                                                                                                                                                                                                                                                                                  1154222
                                                                                                                                                                                                                                                                                                                                                                                                                                                                                                                                                                                                                                                                                                                                                                                                                                                                                                                                                                                                                                                                                                                                                                                                                                                                                                                                                                                                                                                                                    1154192




                                                                                                                                                                                                                                                                                                                                                                                                                                                                                                                                                                                                                                                                                                                                                                                                                                                                                                                                                                                                                                                                                                                                                                                                                                                                                                                                                                                1154231




                                                                                                                                                                                                                                                                                                                                                                                                                                                                                                                                                                                                                                                                                                                                                                                                                                                                                                                                                                                                                                                                                                                                                                                                                                                                                                                          1154435
                                                                                                                                                                                                                                                                                                                                                                                                                                                                                                                                                                                                                                                                                                                                                                                                                                                                                                                                                                                                                                                                                                                                                                                                                                                                                                                                                                 9268                                              9267                                              9266                                                  9265
                                                                                                                                                                                                                                                                                                                                                                                                                                                                                                                                                                                                                                                                                                                                                                                                                                                                                                                                                                                                                                                                                                                                                                                                                                                                                                                                                           3F_15_CU_2_XLPE                                   3F_15_CU_2_XLPE                                   3F_15_CU_2_XLPE                                       3F_15_CU_2_XLPE




                                                                                                                                                                                                                                                                                                                                                                                                                                                                                                                                                                                                                                                                                                                                                                                                                                                                                                                                                                                                                                                                                                                                                                                                                                                                                                                           5605032
                                                                                                                                                                                                                                                                                                                                                                                                                                                                                                                                                                                                                                                                                                                                                                                                                                                                                                                                                                                                                                                                                                                                                                                                                                                                                                                                                                                5605024
                                                                                                                                                                                                                                                                                                                                                                                                                                                                                                                                                                                                                                                                                                                                                                                                                                                                                                                                                                                                                                                                                                                                                                                                                                                                                                                                                                720190
                                                                                                                                                                                                                                                                                                                                                                                                                                                                                                                                                                                                                                                                                                                                                                                                                                                                                                                                                                                                                                                                                                                                                                                                                                                                                                                                                           3F_15_CU_2_XLPE




                                                                                                                                                                                                                                                                                                                                                                                                                                                                                                                                                                                                                                                                                                                                                                                                                                                                                                                                                                                                                                                                                                                                                                                                                                                                                                                                                                                                                                                 720189
                                                                                                                                                                                                                                                                                                                                                                                                                                                                                                                                                                                                                                                                                                                                                                                                                                                                                                                                                                                                                                                                                                                                                                                                                                                                                                                                                                                                                                            3F_15_CU_2_XLPE




                                                                                                                                                                                                                                                                                                                                                                                                                                                                                                                                                                                                                                                                                                                                                                                                                                                                                                                                                                                                                                                                                                                                                                                                                                                                                        4249330




                                                                                                                                                                                                                                                                                                                                                                                                                                                                                                                                                                                                                                                                                                                                                                                                                                                                                                                                                                                                                                                                                                                                                                                                                                             4249348




                                                                                                                                                                                                                                                                                                                                                                                                                                                                                                                                                                                                                                                                                                                                                                                                                                                                                                                                                                                                                                                                                                                                                                           4249356




                                                                                                                                                                                                                                                                                                                                                                                                                                                                                                                                                                                                                                                                                                                                                                                                                                                                                                                                                                                                                                                                                                                         4249372
                                                                                                                                                                                                                                                                                                                                                                                                                                                                                                                                                                                                                                                                                                                                                                                                                                                                                                                                                                                                                                                                                                                                                                                                                                                                                                                                                                                1067087
                                                                                                                                                                                                                                                                                                                                                                                                                                                                                                                                                                                                                                                                                                                                                                                                                                                                                                                                                                                                                                                                                                                                                                                                                                                                                                                                                                                                                                  1067079
                                                                                                                                                                                                                                                                                                                                                                                                                                                                                                                                                                                                                                                                                                                                                                                                                                                                                                                                                                                                                                                                                                                                                           714209                                                            714208                          714207
                                                                                                                                                                                                                                                                                                                                                                                                                                                                                                                                                                                                                                                                                                                                                                                                                                                                                                                                                                                                                                                                                                                                                                                                                                                             720192                                     720191               714206                                                                                5136
                                                                                                                                                                                                                                                                                                                                                                                                                                                                                                                                                                                                                                                                                                                                                                                                                                                                                                                                                                                                                                                                                                                                                      3F_15_CU_2_XLPE                                                   3F_15_CU_2_XLPE                 3F_15_CU_2_XLPE                            3F_15_CU_2_XLPE      3F_15_CU_2_XLPE                                                                     3F_15_ACSR_2/0_AIRE




                                                                                                                                                                                                                                                                                                                                                                                                                                                                                                                                                                                                                                                                                                                                                                                                                                                                                                                                                                                                                                                                                                                                                                           1283235




                                                                                                                                                                                                                                                                                                                                                                                                                                                                                                                                                                                                                                                                                                                                                                                                                                                                                                                                                                                                                                                                                                                         5604524
                                                                                                                                                                                                                                                                                                                                                                                                                                                                                                                                                                                                                                                                                                                                                                                                                                                                                                                                                                                                                                                                                                                                                           720194                                                            720193
                                                                                                                                                                                                                                                                                                                                                                                                                                                                                                                                                                                                                                                                                                                                                                                                                                                                                                                                                                                                                                                                                                                                                      3F_15_CU_2_XLPE                                                   3F_15_CU_2_XLPE




                                                                                                                                                                                                                                                                                                                                                                                                                                                                                                                                                                                                                                                                                                                                                                                                                                                                                                                                                                                                                                                                                                                                                                                                                                             1026682
                                                                                                                                                                                                                                                                                                                                                                                                                                                                                                                                                                                                                                                                                                                                                                                                                                                                                                                                                                                                                                                                                                                                                                                                                                                                                        1154508




                                                                                                                                                                                                                                                                                                                                                                                                                                                                                                                                                                                                                                                                                                                                                                                                                                                                                                                                                                                                                                                                                                                                                                           1026666
                                                                                                                                                                                                                                                                                                                                                                                                                                                                                                                                                                                                                                                                                                                                                                                                                                                                                                                                                                                                                                                                                                                                                                                                                             717306                          717305
                                                                                                                                                                                                                                                                                                                                                                                                                                                                                                                                                                                                                                                                                                                                                                                                                                                                                                                                                                                                                                                                                                                                                                                                                       3F_15_ACSR_2_AIRE               3F_15_ACSR_2_AIRE




                                                                                                                                                                                                                                                                                                                                                                                                                                                                                                                                                                                                                                                                                                                                                                                                                                                                                                                                                                                                                                                                                                                                                                           8339155
                                                                                                                                                                                                                                                                                                                                                                                                                                                                                                                                                                                                                                                                                                                                                                                                                                                                                                                                                                                                                                                                                                                                                                                                                                             8339708




                                                                                                                                                                                                                                                                                                                                                                                                                                                                                                                                                                                                                                                                                                                                                                                                                                                                                                                                                                                                                                                                                                                         8339694
                                                                                                                                                                                                                                                                                                                                                                                                                                                                                                                                                                                                                                                                                                                                                                                                                                                                                                                                                                                                                                                                                                                                                                                                                                                                                                                                                                                1102958




                                                                                                                                                                                                                                                                                                                                                                                                                                                                                                                                                                                                                                                                                                                                                                                                                                                                                                                                                                                                                                                                       8338973
                                                                                                                                                                                                                                                                                                                                                                                                                                                                                                                                                                                                                                                                                                                                                                                                                                                                                                                                                                                                                                                                                                                                                                                                                                                                                                                          1102974
                                                                                                                                                                                                                                                                                                                                                                                                                                                                                                                                                                                                                                                                                                                                                                                                                                                                                                                                                                                                                                                                                                         725649                                            725650                                                            725659                          725660                                      9301                                                    9300
                                                                                                                                                                                                                                                                                                                                                                                                                                                                                                                                                                                                                                                                                                                                                                                                                                                                                                                                                                                                                                                                                                    3F_15_CU_2_XLPE                                   3F_15_CU_2_XLPE                                                   3F_15_CU_2_XLPE                 3F_15_CU_2_XLPE                            3F_15_CU_2_XLPE                                         3F_15_CU_2_XLPE
                                                                                                                                                                                                                                                                                                                                                                                                                                                                                                                                                                                                                                                                                                                                                                                                                                                                                                                                                                                                                                                                                                                                                                                                                                                                                                                                                                                                                                                                                                                                                                                                                                                                                                            9253
                                                                                                                                                                                                                                                                                                                                                                                                                                                                                                                                                                                                                                                                                                                                                                                                                                                                                                                                                                                                                                                                                                                                                                                                                                                                                                                                                                                                                                                                                                                                                                                                                                                                                                      3F_15_CU_2_XLPE
                                                                                                                                                                                                                                                                                                                                                                                                                                                                                                                                                                                                                                                                                                                                                                                                                                                                                                                                                                                                                                                                                                                                                                                                                                                                                                                                                                                                                                                                                                                                                                                                                                                                                                            40905
                                                                                                                                                                                                                                                                                                                                                                                                                                                                                                                                                                                                                                                                                                                                                                                                                                                                                                                                                                                                                                                                                                                                                                                                                                                                                                                                                                                                                                                                                                                                                                                                                                                                                                      3F_15_CU_2_XLPE




                                                                                                                                                                                                                                                                                                                                                                                                                                                                                                                                                                                                                                                                                                                                                                                                                                                                                                                                                                                                                                                                                                                                                                                                                                             1102982
                                                                                                                                                                                                                                                                                                                                                                                                                                                                                                                                                                                                                                                                                                                                                                                                                                                                                                                                                                                                                                                                                                                                                                                                                                                              9302
                                                                                                                                                                                                                                                                                                                                                                                                                                                                                                                                                                                                                                                                                                                                                                                                                                                                                                                                                                                                                                                                                                                                                                                                                                                        3F_15_CU_2_XLPE
                                                                                                                                                                                                                                                                                                                                                                                                                                                                                                                                                                                                                                                                                                                                                                                                                                                                                                                                                                                                                                                                                                                                                                                                                                                                                                                                                                                                                                                                                                                                                                                                                                                          9137
                                                                                                                                                                                                                                                                                                                                                                                                                                                                                                                                                                                                                                                                                                                                                                                                                                                                                                                                                                                                                                                                                                                                                                                                                                                                                                                                                                                                                                                                                                                                                                                                                                                          9141
                                                                                                                                                                                                                                                                                                                                                                                                                                                                                                                                                                                                                                                                                                                                                                                                                                                                                                                                                                                                                                                                                                                                                                                                                                                                                                                                                                                                                                                                                                                                                                                                                                                    3F_15_CU_2_XLPE




                                                                                                                                                                                                                                                                                                                                                                                                                                                                                                                                                                                                                                                                                                                                                                                                                                                                                                                                                                                                                                                                                                                                                                                                                                                                                                                           1154346




                                                                                                                                                                                                                                                                                                                                                                                                                                                                                                                                                                                                                                                                                                                                                                                                                                                                                                                                                                                                                                                                                                                                                                                                                                                                                        1154354
                                                                                                                                                                                                                                                                                                                                                                                                                                                                                                                                                                                                                                                                                                                                                                                                                                                                                                                                                                                                                                                                                                                                                                                                                                                              9785                                       9784




                                                                                                                                                                                                                                                                                                                                                                                                                                                                                                                                                                                                                                                                                                                                                                                                                                                                                                                                                                                                                                                                                                                                                                                                                                             1154311
                                                                                                                                                                                                                                                                                                                                                                                                                                                                                                                                                                                                                                                                                                                                                                                                                                                                                                                                                                                                                                                                                                                                                                                                                                                        3F_15_CU_2_XLPE                            3F_15_CU_2_XLPE
                                                                                                                                                                                                                                                                                                                                                                                                                                                                                                                                                                                                                                                                                                                                                                                                                                                                                                                                                                                                                                                                                                                                                                                                                                                                                                                                                                                                                                                                                                                                                                                                        9264
                                                                                                                                                                                                                                                                                                                                                                                                                                                                                                                                                                                                                                                                                                                                                                                                                                                                                                                                                                                                                                                                                                                                                                                                                                                                                                                                                                                                                                                                                                                                                                                                  3F_15_CU_2_XLPE




                                                                                                                                                                                                                                                                                                                                                                                                                                                                                                                                                                                                                                                                                                                                                                                                                                                                                                                                                                                                                                                                                                                                                                           1154478
                                                                                                                                                                                                                                                                                                                                                                                                                                                                                                                                                                                                                                                                                                                                                                                                                                                                                                                                                                                                                                                                                                                                                                                                                                                                                        1154443




                                                                                                                                                                                                                                                                                                                                                                                                                                                                                                                                                                                                                                                                                                                                                                                                                                                                                                                                                                                                                                                                                                                                                                                                                                             1154451




                                                                                                                                                                                                                                                                                                                                                                                                                                                                                                                                                                                                                                                                                                                                                                                                                                                                                                                                                                                                                                                                                                                         1154494
                                                                                                                                                                                                                                                                                                                                                                                                                                                                                                                                                                                                                                                                                                                                                                                                                                                                                                                                                                                                                                                                                                                                                            9323                                                              9322                            9321
                                                                                                                                                                                                                                                                                                                                                                                                                                                                                                                                                                                                                                                                                                                                                                                                                                                                                                                                                                                                                                                                                                                                                      3F_15_CU_2_XLPE                                                   3F_15_CU_2_XLPE                 3F_15_CU_2_XLPE




                                                                                                                                                                                                                                                                                                                                                                                                                                                                                                                                                                                                                                                                                                                                           1155245




                                                                                                                                                                                                                                                                                                                                                                                                                                                                                                                                                                                                                                                                                         1155270




                                                                                                                                                                                                                                                                                                                                                                                                                                                                                                                                                                       3453367
                                                                                                                                                                                                                                                                                                                                                                                                                                                                                                                                                                                                                         3453464
                                                                                                                                                                                                                                                                                                                                                                                                                                                                                                                                                                                                                                                         3453561
                                                                                                                                                                                                                                                                                                                                                                                                                                                                                                                                                                                                                                                                                                                                                                                                                                                                                                                                                                                                                                                                                                                                                                                                                                                                                                                                                                                                                                                                                                     5132




                                                                                                                                                                                                                                                                                                                                                                                                                                                                                                                                       3453260
                                                                                                                                                                                                                                                                                                                                                                                                                                                                                                                                                       812083                                            812082                          812081                          812080                                            741064
                                                                                                                                                                                                                                                                                                                                                                                                                                                                                                                                                                                                                                                                                                                            10834
                                                                                                                                                                                                                                                                                                                                                                                                                                                                                                                                                  3F_15_CU_2_XLPE                                   3F_15_CU_2_XLPE                 3F_15_CU_2_XLPE                 3F_15_CU_2_XLPE                                   3F_15_CU_2_XLPE
                                                                                                                                                                                                                                                                                                                                                                                                                                                                                                                                                                                                                                                                                                                                                                                                                                                                                                                                                                                                                                                                                                                                                                                                                                                                                                                                                                                                                                                                                              3F_15_ACSR_2/0_AIRE




                                                                                                                                                                                                                                                                                                                                                                                                                                                                                                                                                                                                                                                                                                                                                                                                                                                                                                                                                                                                                                                                                                                         1103326
                                                                                                                                                                                                                                                                                                                                                                                                                                                                                                                                                                                                                                                                                                                                                                                                                                                                                                                                                                                                                                                                                                                                                                                                                                             1103296




                                                                                                                                                                                                                                                                                                                                                                                                                                                                                                                                                                                                                                                                                                                                                                                                                                                                                                                                                                                                                                                                                                                                                                           1103300




                                                                                                                                                                                                                                                                                                                                                                                                                                                                                                                                                                                                                                                                                                                                                                                                                                                                                                                                                                                                                                                                       1103318
                                                                                                                                                                                                                                                                                                                                                                                                                                                                                                                                                                                                                                                                                                                                                                                                                                                                                                                                                                                                                                                                                                                                                                                                                                                                                        1067133




                                                                                                                                                                                                                                                                                                                                                                                                                                                                                                                                                                                                                                                                                                                                                                                                                                                                                                                                                                                                                                                                                                          9824                                              9823                                                              9822                            9811
                                                                                                                                                                                                                                                                                                                                                                                                                                                                                                                                                                                                                                                                                                                                                                                                                                                                                                                                                                                                                                                                                                    3F_15_CU_2_XLPE                                   3F_15_CU_2_XLPE                                                   3F_15_CU_2_XLPE                 3F_15_CU_2_XLPE




                                                                                                                                                                                                                                                                                                                                                                                                                                                                                                                                                                                                                                                         1155253
                                                                                                                                                                                                                                                                                                                                                                                                                                                                                                                                                                                                                                          10836                           10835
                                                                                                                                                                                                                                                                                                                                                                                                                                                                                                                                                                                                                                                                          26711




                                                                                                                                                                                                                                                                                                                                                                                                                                                                                                                                                                                                                         1155911
                                                                                                                                                                                                                                                                                                                                                                                                                                                                                                                                                                                                                                    3F_15_CU_2_XLPE                 3F_15_CU_2_XLPE
                                                                                                                                                                                                                                                                                                                                                                                                                                                                                                                                                                                                                                                                                                                                                                                                                                                                                                                                                                                                                                                                                                                                                                                                                                                                                                                                                                                                                                                  9299
                                                                                                                                                                                                                                                                                                                                                                                                                                                                                                                                                                                                                                                                                                                                                                                                                                                                                                                                                                                                                                                                                                                                                                                                                                                                                                                                                                                                                                            3F_15_CU_2_XLPE




                                                                                                                                                                                                                                                                                                                                                                                                                                                                                                                                                                                                                                                                                                                                                                                                                                                                                                                                                                                                                                                                                                                         1154389




                                                                                                                                                                                                                                                                                                                                                                                                                                                                                                                                                                                                                         2567814




                                                                                                                                          1155806
                                                                                                                                                                      1155792
                                                                                                                                                                                                                        1155741
                                                                                                                                                                                                                                                                                                                                                                                                                                                                                                                                                                       2567831
                                                                                                                                                                                                                                                                                                                                                                                                                                                                                                                                                                                                          26713                           26712
                                                                                                                                                                                                                                                                                                                                                                                                                                                                                                                                                                                                    3F_15_CU_2_XLPE                 3F_15_CU_2_XLPE




                                                                                        1155822
                                                                                                                            11290                         11289                                           11288
                                                                                                                      3F_15_CU_2_XLPE               3F_15_CU_2_XLPE                                 3F_15_CU_2_XLPE
                                                                                                                                                                                                                                                                                                                                                                                                                                                                                                                                                                                                                                                                                                                                                                                                                                                                                                                                                                                                                                                                                                                                                                                                                                                                                                                                                                                                9783
                                                                                                                                                                                                                                                                                                                                                                                                                                                                                                                                                                                                                                                                                                                                                                                                                                                                                                                                                                                                                                                                                                                                                                                                                                                                                                                                                                                          3F_15_CU_2_XLPE




                                                                                                                                                                                                                                                                                                                                                                                                                                                                                                                                                                                                                                                                                                                                                                                                                                                                                                                                                                                                                                                                       1154397
                                                                                                                                                                                                                                                                                                                                                                                                                                                                                                                                                                                                                                                                                                                                                                                                                                                                                                                                                                                                                                                                                                                         1154371




                                                                                                                                                                                                                                                                                                                                                                                                                                                                                                                                                                                                                                                                                                                                                                                                                                                                                                                                                                                                                                                                                                          9841




                                                                                                                                                                                                                                                                                                                                                                                                                                                                                                                                                                                                                                                                                                                                                                                                                                                                                                                                                                                                                     1154214
                                                                                                                                                                                                                                                                                                                                                                                                                                                                                                                                                                                                                                                                                                                                                                                                                                                                                                                                                                                                                                                        9844                                              9842




                                                                                                                                                                                                                                                                                                                                                                                                                                                                                                                                                                                                                                                         1155334
                                                                                                                                                                                                                                                                                                                                                                                                                                                                                                                                                                                                                                                                                                                                                                                                                                                                                                                                                                                                                                                  3F_15_CU_2_XLPE                                   3F_15_CU_2_XLPE




                                                                                                                                                                                                                                                                                                                                                                                                                                                                                                                                                                                                                         1157019
                                                                                                                                                                                                                                                                                                                                                                                                                                                                                                                                                                                                                                          10979
                                                                                                                                                                                                                                                                                                                                                                                                                                                                                                                                                                                                                                                                                                                                                                                                                                                                                                                                                                                                                                                                                                                                                                                                                                                                                                                                           9320




                                                                                                                                                                                                                                                                                                                                                                                                                                                                                                                                                                                                                                    3F_15_CU_2_XLPE
                                                                                                                                                                                                                                                                                                                                                                                                                                                                                                                                                                                                                                                                                                                                                                                                                                                                                                                                                                                                                                                                                                                                                                                                                                                                                                                                     3F_15_CU_2_XLPE




                                                                                                                                                                                                                                                                                                                                                                                                                                                                                                                                                                                                                                                                                                                                                                                                               10833




                                                                                                                                                                      1155750
                                                                                                                                                                                                                                                                                                                                                                                                                                                                                                                                                                                                                                                                                                                                                                                                         3F_15_CU_2_XLPE




                                                                                                                                          2789132
                                                                                                                                                                                                          47595
                                                                                                                                                                                                          11285




                                                                                        2789141
                                                                                                                            47597                         47596
                                                                                                                      3F_15_CU_2_XLPE               3F_15_CU_2_XLPE                                 3F_15_CU_2_XLPE
                                                                                                                                                                                                                                                                                                                                                                                                                                                                                                                                                                                                                                                                                                                                                                                                                                                                                                                                                                                                                                                                                                                                                                                                                                                                                                                                            5145
                                                                                                                                                                                                                                                                                                                                                                                                                                                                                                                                                                                                                                                                                                                                                                                                                                                                                                                                                                                                                                                                                                                                                                                                                                                                                                                                     3F_15_ACSR_2/0_ECO




                                                                                                                                                                                                                                                                                                                                                                                                                                                                                                                                                                                                                                                                                                                                                                                                                                                                                                                                                                                                                          1154401




                                                                                                                                                                                                                                                                                                                                                                                                                                                                                                                                                                                                                                                                                                                                                                                                                                                                                                                                                                                                                                                        9843
                                                                                                                                                                                                                                                                                                                                                                                                                                                                                                                                                                                                                                                                                                                                                                                                                                                                                                                                                                                                                                                  3F_15_CU_2_XLPE




                                                                                                                                                                                                                                                                                                                                                                                                                                                                                                                                       1155377
                                                                                                                                                                                                                                                                                                                                                                                                                                                                                                                                                                                                                         1155342




                                                                                                                                                                                                                                                                                                                                                                                                                                                                                                                                                                       1155351




                                                                                                                                                                                                                                                                                                                                                                                                                                                                                                       1155679
                                                                                                                                                                                                                                                                                                                                                                                                                                                                                                                        10945                           10944                                             10943                           10942                                                                                                                                                                                                                                                                                                                                                       9345
                                                                                                                                                                                                                                                                                                                                                                                                                                                                                                                  3F_15_CU_2_XLPE                 3F_15_CU_2_XLPE                                   3F_15_CU_2_XLPE                 3F_15_CU_2_XLPE                                                                                                                                                                                                                                                                                                                1154591                      3F_15_CU_2_XLPE




                                                        2479567
                                                                                                                                          1155776
                                                                                                                                                          11286
                                                                                                                                                    3F_15_CU_2_XLPE
                                                                                                                                                                                                                                                                                                                                                                                                                                                                                                                                                                                                                                                                                                                                                                                                                                                                                                                                                                                                                               1154583




                                                                                                                                                                                                                                                       47594
                                                                                                                                                                                                                                                       11287
                                                                                                                                                                                                                                                       11284
                                                                                                                                                                                                                                                                                                                                                                                                                                                                                                                                                                                                                                                                                                                                                                                                                                                                                                                                                                                                                                                                                                                                                                                           9839




                                                                                                                                                                                                                                                 3F_15_CU_2_XLPE
                                                                                                                                                                                                                                                                                                                                                                                                                                                                                                                                                                                                                                                                                                                                                                                                                                                                                                                                                                                                                                                                                                                                                                                                           9840
                                                                                                                                                                                                                                                                                                                                                                                                                                                                                                                                                                                                                                                                                                                                                                                                                                                                                                                                                                                                                                                                                                                                                                                     3F_15_CU_2_XLPE 3F_15_CU_2_XLPE




                                                                                                        828948
                                                                                                                                                                                                                                                                                                                                                                                                                                                                                                                                                                                                                                                                                                                                                                                                                                                                                                                                                                                                                                                                       1154575




                                                                                                  3F_15_CU_4/0_XLPE
                                                                                                                                                                                                                                                                                                                                                                                                                                                                                                                                                                                                                                                                                                                                                                                                                                                                                                                                                                   1103211




                                                                                                                                                                                                                                                                                                                                                                                                                                                                                                                                                                                                                                                                                                         10978
                                                                                                                                                                                                                                                                                                                                                                                                                                                                                                                                                                                                                                                                                                         10941




                                                                                                                                                                                                                                                                                                                                                                                     4637844




                                                                                                                                                                                                                                                                                                                                   4637852
                                                                                                                                                                                                                                                                                                                                                                                                                                                                                                                                       1155938




                                                                                                                                                                                                                                                                                                   4637861
                                                                                                                                                                                                                                                                                                                                                                                                                                                                                                                                                                                                                                                                                                                                                                                                                                                                                                                                   1103229




                                                                                                                                                                                                                                                                                                                                                                                                                                                                                                                                                                                                                                                                                                                                                                                                                                                                                                                                                    9352                                              9351                                              9343
                                                                                                                                                                                                                                                                                                                                                                                                                                                                                                                                                                                                                                                                                                                                                                                                                                                                                                                                                                                                                                                        9344




                                                                                                                                                                                                                                                                                                                                                                                                                                                                                                                                                                                                                                                                                                   3F_15_CU_2_XLPE
                                                                                                                                                                                                                                                                                                                                                                                                                                                                                                                                                                                                                                                                                                                                                                                                                                                                                                                                              3F_15_CU_2_XLPE                                   3F_15_CU_2_XLPE                                   3F_15_CU_2_XLPE




                                                                                                                                                                                                                                                                                                                                                                                                                                                                                                       1155946




                                                                                                                                                                                                                                                                   4916671
                                                                                                                                                                                                                                                                                   830657                          830655                                            830654                                                                                                                                             11382
                                                                                                                                                                                                                                                                              3F_15_CU_2_XLPE                 3F_15_CU_2_XLPE                                   3F_15_CU_2_XLPE                                                                                                                                   3F_15_CU_2_XLPE




                                                                                        1101480
                                                                         5304                                               828945




                                                        1065971
                                                                                                                                          1101471
                                                                  3F_15_ACSR_1/0_AIRE                                 3F_15_CU_4/0_XLPE
                                                                                                                                                                                                                                                                                                                                                                                                                                                                                                                                                                                                                                                                                                                                                                                                                                                                                                                                                                                                                                                                                                                                         9342
                                                                                                                                                                                                                                                                                                                                                                                                                                                                                                                                                                                                                                                                                                                                                                                                                                                                                                                                                                                                                                                                                                                                         9341




                                                                                                                                                                                                                                                                                                                                                                                                                                                                                                                                                                                       11381




                                                                                                                                                                                                                                                                                                                                                                                                                                    830653




                                                                                                                                                                                      828942
                                                                                                                                                                                                                                                                                                                                                                                                                                                                                                                                                                                                                                                                                                                                                                                                                                                                                                                                                                                                                                                                                                                                   3F_15_CU_2_XLPE




                                                                                                                                                                                                                                                                                                                                                                                                                               3F_15_CU_2_XLPE
                                                                                                                                                                                                                                                                                                                                                                                                                                                                                                                                                                                 3F_15_CU_2_XLPE




                                                                                                                                                                                3F_15_CU_4/0_XLPE




                            3272869
                                                                                                                                          3272567




                                                                                        3272664
                                                                                                                                                                                                                                                                                                                                                                                                                                                                                                       1101358
                                                                                                                                                                                                                                                                                                                                                                                                                                                                                                                                       1045288
                                                                                                                                                                                                                                                                                                                                                                                                                                                                                                                                                                                                                                                                                                                                                                                                                                                                                                                                                                                                                                                                                                                                                                                                                                                                                                                                                                                                                                                                                                                                                                                                                                                                                                                                                                                                              1069519
                                                                                                                                                                                                                                                                                                                                                                                                                                                                                                                                                                                                                                                                                                                                                                                                                                                                                                                                                                                                                                                                                                                                                                                                                                                                                                                                                                                                                                                                                                                                                                                                                                                                                                                                                                                                                                                                                                              1069489
                                                                                                                                                                                                                                                                                                                                                                                                                                                                                                                                                                                                                                                                                                                                                                                                                                                                                                                                                                                                                                                                                                                                                                                                                                                                                                                                                                                                                                                                                                                                                                                                                                                                                                                                                                                                                                                                                                                                                                                                                                              1069438




                                                                                                                                                                                                                                                                                                                                                                                                                                                                                                                                                                                                                                                         1101323
                                                                                                                                                                                                                                                                                                                                                                                                                                                                                                                                                                                                                                                                                                                                                                                                                                                                                                                                                                                                                                                                                                                                                                                                                                                                                                                                                                                                                                                                                                                                                                                                                                                                                                                                              1069683
                                                                                                                                                                                                                                                                                                                                                                                                                                                                                                                                                                                                                                                                                                                                                                                                                                                                                                                                                                                                                                                                                                                                                                                                                                                                                                                                                                                                                                                                                                                                                                                                                                                                                                                                                                              1069527
                                                                                                                                                                                                                                                                                                                                                                                                                                                                                                                                                                                                                                                                                                                                                                                                                                                                                                                                                                                                                                                                                                                                                                                                                                                                                                                                                                                                                                                                                                                                                                                                                                                                                                                                                                                                                                                                              1069497
                                                                                                                                                                                                                                                                                                                                                                                                                                                                                                                                                                                                                                                                                                                                                                                                                                                                                                                                                                                                                                                                                                                                                                                                                                                                                                                                                                                                                                                                                                                                                                                                                                                                                                                                                                                                                                                                                                                                                                                                              1069446




                                                                                                                                                                                                                                                                                                                                                                                                                                                                                                                                                                                                                                                                                                                                                                                                                                                                                                                                                                                                                                                                                                                                                                                                                                             1067150
                                                                                                                                                                                                                                                                                                                                                                                                                                                                                                                                                                                                                                                                                                                                                                                                                                                                                                                                                                                                                                                                                                                                                                                                                                                                                                                                                                                                                                                                                                                                          1067044
                                                                                                                                                                                                                                                                                                                                                                                                                                                                                                                                                                                                                                                                                                                                                                                                                                                                                                                                                                                                                                                                                                                                                                                                                                                                                                                                                                                                                                                                                                                                                                                                                                                                                                                                                                                                                                                                                                                                                                              1069454




                                                                                                                                                                                                                                                                                                   1101412




                                                        3272761
                                                                                                                                                                                                                                                                                                                                                                                                                                                                                                                                                                                                                                                                                                                                                                                                                                                 3769721




                                                                                                                                                                                                                                                                                                                                                                                                                                                                                                                                                                                                                         1101331
                                                                                                                                                                                                                                                                                                                                                                                                                                                                                                                                                                                                                                                                                                                                                                                                                                                                                                                                                                                                                                                                                                                                                                                                                                                                                                                                                                                                                                                                                                                                                                                                                                                                                                                                                                                                                                              1069501




3272966
                                                                                                                                                                                                                                                                                                                                                                                                                                                                                                                                                                                                                                                                                                                                                                                                                                                                                                                                                                                                                                                                                                                                                                                                                                                                                                                                                                                                                                                                                                                                                                                                                                                                                                                                                                                                                                                                                                                                                                                                                                                                                                            CONUCO_13.8




                                                                                                                                                                      1101455
                                                                                                                                                                                                                                                                                                                                                                                                                                                                                                                                                                                                                                                                                         1101315
                                                                                                                                                                                                                                                                                                                                                                                                                                                                                                                                                                                                                                                                                                                                                                                                                                                                                                                                                                                                                                                                                                                                                                                                                                                                                                                          1067125
                                                                                                                                                                                                                                                                                                                                                                                                                                                                                                                                                                                                                                                                                                                                                                                                                                                                                                                                                                                                                                                                                                                                                                                                                                                                                                                                                                                                                                  1067109
                                                                                                                                                                                                                                                                                                                                                                                                                                                                                                                                                                                                                                                                                                                                                                                                                                                                                                                                                                                                                                                                                                                                                                                                                                                                                                                                                                                                                                                                                                                                                                                                                                          1067028




                                                                                                                                                                                                                        1101447
                                                                                                                                                                                                                                                                                                                                                                                                                                                                                                                                                                                                                                                                                                                                           1101307
                                                                                                                                                                                                                                                                                                                                                                                                                                                                                                                                                                                                                                                                                                                                                                                               1101293
                                                                                                                                                                                                                                                                                                                                                                                                                                                                                                                                                                                                                                                                                                                                                                                                                                                                                 1101277
                                                                                                                                                                                                                                                                                                                                                                                                                                                                                                                                                                                                                                                                                                                                                                                                                                                                                                                                                                                                                     1067206
                                                                                                                                                                                                                                                                                                                                                                                                                                                                                                                                                                                                                                                                                                                                                                                                                                                                                                                                                                                                                                                                                                                                                                           1067176
                                                                                                                                                                                                                                                                                                                                                                                                                                                                                                                                                                                                                                                                                                                                                                                                                                                                                                                                                                                                                                                                                                                                                                                                                                                                                                                                                                                1067117
                                                                                                                                                                                                                                                                                                                                                                                                                                                                                                                                                                                                                                                                                                                                                                                                                                                                                                                                                                                                                                                                                                                                                                                                                                                                                                                                                                                                                                                                                                                                                                                        1067036




                                                                                                                                                                                                                                                                                                                                   1101404
                                                                                                                                                                                                                                                                                                                                                                                                                                                                       1101374
                                                                                                                                                                                                                                                                                                                                                                                                                                                                                                                                                                       1101340
                                                                                                                                                                                                                                                                                                                                                                                                                                                                                                                                                                                                                                                                                                                                                                                                                                                                                                                                                                   1067214
                                                                                                                                                                                                                                                                                                                                                                                                                                                                                                                                                                                                                                                                                                                                                                                                                                                                                                                                                                                                                                                                                                                         1067184
                                                                                                                                                                                                                                                                                                                                                                                                                                                                                                                                                                                                                                                                                                                                                                                                                                                                                                                                                                                                                                                                                                                                                                                                                                                                                                                                                                                                                                                                                                                                                                                                                                                                                            1067010




                                                                                                                                                                                                                                                                                                                                                                                                                     1101382
                                                                                                                                                                                                                                                                                                                                                                                                                                                                                                                                                                                                                                                                                                                                                                                                                                                                                                                                                                                                                                                                       1067192
                                                                                                                                                                                                                                                                                                                                                                                                                                                                                                                                                                                                                                                                                                                                                                                                                                                                                                                                                                                                                                                                                                                                                                                                                                                                                                                                                                                                                                                                                    1067052




               807675                      807674                       807673                                             807672                        807671                                           828934                         5300                                       5298                            5297                                              5373                            5296                                              5295                            5294                            5292                             5291                                             5290                            5289                            5288                                              5287                                                5285                                              5283                            5282                                               5281                           5280                                              5158                                              5157                                              5156                                              5154                                                              5153                            5148                                       5147                                                    5143                                              5142                                              5140                                                  5130                                          5129                                              5128                                              5127                                              5120                            5118                            5117                            5113                            5112                             5111                           5110                            5109                            5108                            5106                            5105                           804306




                                                                                                                                                                                                                                                                   1101421
                                                                                                                                                                                                                                                                                                                                                                                     1101391
                                                                                                                                                                                                                                                                                                                                                                                                                                                                                                                                                                                                                                                                                                                                                                                                                                                                                                                                   1101251
                                                                                                                                                                                                                                                                                                                                                                                                                                                                                                                                                                                                                                                                                                                                                                                                                                                                                                                                                                                                                                                                                                                                                                                                                                                                                        1067141
                                                                                                                                                                                                                                                                                                                                                                                                                                                                                                                                                                                                                                                                                                                                                                                                                                                                                                                                                                                                                                                                                                                                                                                                                                                                                                                                                                                                                                                                                                                                                                                                                                                                                                                                                                                                                                                                                                                                              1069471
                                                                                                                                                                                                                                                                                                                                                                                                                                                                                                                                                                                                                                                                                                                                                                                                                                                                                                                                                                                                                                                                                                                                                                                                                                                                                                                                                                                                                                                                                                                                                                                                                                                                                                                                                                                                                                                                                                                                                                                                                                                                              1067001




          3F_15_CU_2_XLPE             3F_15_CU_2_XLPE              3F_15_CU_2_XLPE                                    3F_15_CU_2_XLPE               3F_15_CU_2_XLPE                                 3F_15_CU_4/0_XLPE             3F_15_ACSR_1/0_AIRE                        3F_15_ACSR_1/0_AIRE             3F_15_ACSR_1/0_AIRE                               3F_15_ACSR_1/0_AIRE             3F_15_ACSR_1/0_AIRE                               3F_15_ACSR_1/0_AIRE             3F_15_ACSR_1/0_AIRE             3F_15_ACSR_1/0_AIRE             3F_15_ACSR_1/0_AIRE                               3F_15_ACSR_1/0_AIRE             3F_15_ACSR_1/0_AIRE             3F_15_ACSR_1/0_AIRE                               3F_15_ACSR_1/0_AIRE                                 3F_15_ACSR_1/0_AIRE                               3F_15_ACSR_1/0_AIRE             3F_15_ACSR_1/0_AIRE                               3F_15_ACSR_1/0_AIRE             3F_15_ACSR_2/0_AIRE                               3F_15_ACSR_2/0_AIRE                               3F_15_ACSR_2/0_AIRE                               3F_15_ACSR_2/0_AIRE                               3F_15_ACSR_2/0_AIRE                                               3F_15_ACSR_2/0_AIRE             3F_15_ACSR_1/0_AIRE                        3F_15_ACSR_2/0_AIRE                                     3F_15_ACSR_2/0_AIRE                               3F_15_ACSR_2/0_AIRE                               3F_15_ACSR_4/0_AIRE                                   3F_15_ACSR_4/0_AIRE                           3F_15_ACSR_4/0_AIRE                               3F_15_ACSR_4/0_AIRE                               3F_15_ACSR_4/0_AIRE                               3F_15_ACSR_4/0_AIRE             3F_15_ACSR_4/0_AIRE             3F_15_ACSR_4/0_AIRE             3F_15_ACSR_4/0_AIRE             3F_15_ACSR_4/0_AIRE             3F_15_ACSR_4/0_AIRE             3F_15_ACSR_4/0_AIRE             3F_15_ACSR_4/0_AIRE             3F_15_ACSR_4/0_AIRE             3F_15_ACSR_4/0_AIRE             3F_15_ACSR_4/0_AIRE             3F_15_CU_350_XLPE
                                                                                                                                                                                                                                                                                                                                                                                                                                                                                                                                                                                                                                                                                                                                                                                                                                                                                                                                                                                                                                                                                                                                                                                                                                                                                                                                                                                                                                                                                                   764757




                                                                                                                                                                                                                                                                                                                                                                                                                                                                                                                                                                                       11383




                                                                                                                                                                                                                                                                                                                                                   11342
                                                                                                                                                                                                                                                                                                                                                                                                                                                                                                                                                                                                                                                                                                                                                                                                                                                                                                825166
                                                                                                                                                                                                                                                                                                                                                                                                                                                                                                                                                                                                                                                                                                                                                                                                                                                                                                                                                                                                                                                                                                                                                                                                                                                                                                                                                                                                                                                                                              3F_15_CU_2_XLPE




                                                                                                                                                                                                                                                                                                                                             3F_15_CU_2_XLPE
                                                                                                                                                                                                                                                                                                                                                                                                                                                                                                                                                                                 3F_15_CU_2_XLPE
                                                                                                                                                                                                                                                                                                                                                                                                                                                                                                                                                                                                                                                                                                                                                                                                                                                                                           3F_15_CU_2_XLPE
                                                                                                                                                                                                                                                                                                                                                                                                                                                                                                                                                                                                                                                                                                                                                                                                                                                                                                                                                                                                                                                                                                                                                                                                                                                                                                                                                                                                                                  9500758




                                                                                                                                                                                                                                                                                                                                                                                                                                                                                                                                                                                                                                                                                                                                                                                                                                                                                                                                                                                                                                                                                                                                                                                                                                                                                                                                                                                9500766




                                                                                                                                                                                                                                                                                                                                                                                                                                                                                                                                                                                                                                                                                                                                                                                                                                                                                                                                                                                                                                                                                                                                                                                                                                                                                                                           9500774




                                                                                                                                                                                                                                                                                                                                                                                                                                                                                                                                                                                                                                                         2214148




                                                                                                                                                                                                                                                                                                   1155849




                                                                                                                                                                                                                                                                   1155857
                                                                                                                                                                                                                                                                                                                                                                                                                                                                                                                                       1155652




                                                                                                                                                                                                                                                                                                                                                                                                                                                                                                       1155971
                                                                                                                                                                                                                                                                                                                                                                                                                                                                                                                                                                                                                                                                                                                                                                                                                                                 1103431




                                                                                                                                                                                                                                                                                                                                                                                                                                                                                                                                                                                                                         4938216
                                                                                                                                                                                                                                                                                                                                                                                                                                                                                                                                                                                                                                                                                                                                                                                                                                                                                                                                                                                                                                                                                                                                                                                                                                                                                        8795266




                                                                                                                                                                                                                                                                                                                                                                                                                                                                                                                                                                                                                                         714525                                                                                                                                                                                                                                                                                                                                                                                                                                                                                                                                                                                                                                                         764760                                                  764759                                            764758
                                                                                                                                                                                                                                                                                                                                                                                                                                                                                                                                                                                                                                   3F_15_CU_2/0_XLPE                                                                                                                                                                                                                                                                                                                                                                                                                                                                                                                                                                                                                                               3F_15_CU_2_XLPE                                         3F_15_CU_2_XLPE                                   3F_15_CU_2_XLPE
                                                                                                                                                                                                                                                                                                                                                                                                                                                                                                                                                                                                                                                                                                                                                                                               1103458




                                                                                                                                                                                                                                                                                                                                                                                                                                                                       1155997
                                                                                                                                                                                                                                         11344                                      11343                                                                                                                                                                                               11385                           11384                                                                                                                                                                                                                                                                                                    825167




                                                                                                                                                                                                                        1155881
                                                                                                                                                                                                                                   3F_15_CU_2_XLPE                            3F_15_CU_2_XLPE                                                                                                                                                                                     3F_15_CU_2_XLPE                 3F_15_CU_2_XLPE                                                                                                                                                                                                                                                                                           3F_15_CU_2_XLPE
                                                                                                                                                                                                                                                                                                                                                                                                                                                                                                                                                                                                                                                                                                                                                           21781
                                                                                                                                                                                                                                                                                                                                                                                                                                                                                                                                                                                                                                                                                                                                                                                                                                                                                                                                                                                   15348




                                                                                                                                                                                                                                                                                                                                                  791042
                                                                                                                                                                                                                                                                                                                                                                                                                                                                                                                                                                                                                                                                                                                                                     3F_15_CU_1/0_XLPE




                                                                                                                                                                                                                                                                                                                                             3F_15_CU_2_XLPE
                                                                                                                                                                                                                                                                                                                                                                                                                                                                                                                                                                                                                                                                                                                                                                                                                                                                                                                                                                             3F_15_CU_2_XLPE
                                                                                                                                                                                                                                                                                                                                                                                                                                                                                                                                                                                                                                                                                                                                                                                                                                                                                                                                                                                                                                     9989
                                                                                                                                                                                                                                                                                                                                                                                                                                                                                                                                                                                                                                                                                                                                                                                                                                                                                                                                                                                                                               3F_15_CU_2_XLPE




                                                                                                                                                                                                                                                                                                                                                                                                                                                                                                                                                                                                                                                                                         2214130




                                                                                                                                                                                                                                                                                                                                                                                                                                                                                                                                                                                                                         2214156
                                                                                                                                                                                                                                                                                                                                                                                                                                                                                                                                                                                                                                         21783                           21782
                                                                                                                                                                                                                                                                                                                                                                                                                                                                                                                                                                                                                                   3F_15_CU_1/0_XLPE               3F_15_CU_1/0_XLPE
                                                                                                                                                                                                                                                                                                                                                                                                                                                                                                                                                                                                                                                                                                                                                                                                                                                 1154605
                                                                                                                                                                                                                                                                                                                                                                                                                                                                                                                                                                                                                                                                                                                                                                                                                                                                                 1103725




                                                                                                                                                                                                                        1618733
                                                                                                                                                                                                                                                                                                                                                                                                                                                                                                                                                                                                                                                                                                                                                                                                                                                                                                                                   1667238




                                                                                                                                                                                                                                                                                                   1618750




                                                                                                                                                                                                                                                                   1618741




                                                                                                                                                                      9219013
                                                                                                                                                                                                                                                                                                                                                                                                                                                                                                                                                                                                                                                                                                                                                                                               1154613




                                                                                                                                                                                                         791045                         791044                                     791043                                                                                                                                                                                                                                                                                                                                                                                                                                                                                                                                         15351                           15350                                            15349
                                                                                                                                                                                                    3F_15_CU_2_XLPE                3F_15_CU_2_XLPE                            3F_15_CU_2_XLPE                                                                                                                                                                                                                                                                                                                                                                                                                                                                                                                               3F_15_CU_2_XLPE                 3F_15_CU_2_XLPE                                  3F_15_CU_350_XLPE
                                                                                                                                                                                                                                                                                                                                                                                                                                                                                                                                                                                                                                                                                                                                                                                                                                                                                                                                                                                                                                                                                       9949
                                                                                                                                                                                                                                                                                                                                                                                                                                                                                                                                                                                                                                                                                                                                                                                                                                                                                                                                                                                                                                                                                 3F_15_CU_2_XLPE
                                                                                                                                                                                                                                                                                                                                                                                                                                                                                                                                                                                                                                                                                                                                                                                                                                                                                                                                                                                                                                                                                       9966
                                                                                                                                                                                                                                                                                                                                                                                                                                                                                                                                                                                                                                                                                                                                                                                                                                                                                                                                                                                                                                                                                 3F_15_CU_2_XLPE




                                                                                                                                                                                                                                                                                                                                                                                                                                                                                                                                                                                                                                                                                                                                                                                                                                                                                                                                                                   1103393




                                                                                                                                                                                                                                                                                                                                                                                                                                                                                                                                                                                                                                                                                                                                                                                                                                                                                                                                   1667262




                                                                                                                                                                                                                                                                                                                                                                                                                                                                                                                                                                                                                                                                                                                                                                                                                                                                                 1103407




                                                                                                                                                                                                                                                                                                                                                                                                                                                                                                                                                                                                                                                                                                                                                                                                                                                                                                                    9991                            9990
                                                                                                                                                                                                                                                                                                                                                                                                                                                                                                                                                                                                                                                                                                                                                                                                                                                                                                              3F_15_CU_2_XLPE                 3F_15_CU_2_XLPE
                                                                                                                                                                                                                                                                                                                                                                                                                                                                                                                                                                                                                                                                                                                                                                                                                                                                                                                                                                                                                                                                                                                                         9944
                                                                                                                                                                                                                                                                                                                                                                                                                                                                                                                                                                                                                                                                                                                                                                                                                                                                                                                                                                                                                                                                                                                                   3F_15_CU_2_XLPE
                                                                                                                                                                                                                                                                                                                                                                                                                                                                                                                                                                                                                                                                                                                                                                                                                                                                                                                                                                                                                                                                                                                                                                                                                                                                            9274
                                                                                                                                                                                                                                                                                                                                                                                                                                                                                                                                                                                                                                                                                                                                                                                                                                                                                                                                                                                                                                                                                                                                                                                                                                                                      3F_15_CU_2_XLPE




                                                                                                                                                                                                                                                                                                                                                                                                                                                                                                                                                                                                                                                                                                                                                                                                                                                                                                                                                                                                                     1103245




                                                                                                                                                                                                                                                                                                                                                                                                                                                                                                                                                                                                                                                                                                                                                                                                                                                                                                                                                                   1103253




                                                                                                                                                                                                                                                                                                                                                                                                                                                                                                                                                                                                                                                                                                                                                                                                                                                                                                                                                                                                      9950
                                                                                                                                                                                                                                                                                                                                                                                                                                                                                                                                                                                                                                                                                                                                                                                                                                                                                                                                                                                                3F_15_CU_2_XLPE
                                                                                                                                                                                                                                                                                                                                                                                                                                                                                                                                                                                                                                                                                                                                                                                                                                                                                                                                                                                                                     1103351




                                                                                                                                                                                                                                                                                                                                                                                                                                                                                                                                                                                                                                                                                                                                                                                                                                                                                                                                                                   1103385




                                                                                                                                                                                                                                                                                                                                                                                                                                                                                                                                                                                                                                                                                                                                                                                                                                                                                                                                                                                                      9967
                                                                                                                                                                                                                                                                                                                                                                                                                                                                                                                                                                                                                                                                                                                                                                                                                                                                                                                                                                                                3F_15_CU_2_XLPE
                                                                                                                                                                                                                                                                                                                                                                                                                                                                                                                                                                                                                                                                                                                                                                                                                                                                                                                                                                                                                                                                       1154524




                                                                                                                                                                                                                                                                                                                                                                                                                                                                                                                                                                                                                                                                                                                                                                                                                                                                                                                                                                                                                     1154532




                                                                                                                                                                                                                                                                                                                                                                                                                                                                                                                                                                                                                                                                                                                                                                                                                                                                                                                                                                                                      9946                                              9945
                                                                                                                                                                                                                                                                                                                                                                                                                                                                                                                                                                                                                                                                                                                                                                                                                                                                                                                                                                   1154541




                                                                                                                                                                                                                                                                                                                                                                                                                                                                                                                                                                                                                                                                                                                                                                                                                                                                                                                                                                                                3F_15_CU_2_XLPE                                   3F_15_CU_2_XLPE
                                                                                                                                                                                                                                                                                                                                                                                                                                                                                                                                                                                                                                                                                                                                                                                                                                                                                                                                                                                                                                                                                                                                                                                                                                             1154249




                                                                                                                                                                                                                                                                                                                                                                                                                                                                                                                                                                                                                                                                                                                                                                                                                                                                                                                                                                                                                                                                                                                         1154273
                                                                                                                                                                                                                                                                                                                                                                                                                                                                                                                                                                                                                                                                                                                                                                                                                                                                                                                                                                                                                                                                                                                                                                           1154257




                                                                                                                                                                                                                                                                                                                                                                                                                                                                                                                                                                                                                                                                                                                                                                                                                                                                                                                                                                                                                                                                       1154290




                                                                                                                                                                                                                                                                                                                                                                                                                                                                                                                                                                                                                                                                                                                                                                                                                                                                                                                                                                                                                                                       806799                                             9277                                              9276                                                              9275
                                                                                                                                                                                                                                                                                                                                                                                                                                                                                                                                                                                                                                                                                                                                                                                                                                                                                                                                                                                                                     1154281




                                                                                                                                                                                                                                                                                                                                                                                                                                                                                                                                                                                                                                                                                                                                                                                                                                                                                                                                                                                                                                                  3F_15_CU_2_XLPE                                   3F_15_CU_2_XLPE                                   3F_15_CU_2_XLPE                                                   3F_15_CU_2_XLPE
